1,65,47,67,50,74.19,2021-09-27 23:40:09,0
2,67,25,49,7,97.7,2021-06-20 22:17:25,0
3,74,67,51,51,47.98,2021-07-26 14:12:43,0
4,60,25,1,5,22.29,2021-08-02 09:39:55,0
5,10,37,25,4,84.63,2021-12-31 12:46:28,0
6,54,50,58,85,64.12,2022-02-22 10:33:49,0
7,36,33,81,47,65.16,2021-08-13 06:00:48,0
8,52,32,81,12,41.67,2021-06-19 06:28:05,0
9,57,53,99,59,26.3,2021-08-11 14:22:15,0
10,11,79,3,62,65.37,2021-09-03 12:29:21,0
11,25,97,2,38,41.44,2021-10-24 20:16:10,0
12,68,28,98,84,25.57,2021-07-05 10:36:09,0
13,76,9,69,20,37.91,2022-02-19 10:18:16,0
14,28,1,43,62,84.85,2021-12-25 20:33:38,0
15,33,88,81,57,35.15,2021-02-13 09:58:10,0
16,26,61,81,41,49.71,2022-02-04 18:14:04,0
17,95,94,89,76,90.63,2022-02-26 01:26:33,0
18,39,11,35,74,61.51,2021-12-11 16:05:31,0
19,78,13,18,9,23.01,2021-12-12 18:36:44,0
20,68,2,6,99,96.1,2021-03-12 19:31:05,0
21,61,14,49,21,91.02,2021-01-05 06:53:40,0
22,100,17,90,26,15.54,2021-01-08 05:38:48,0
23,37,34,52,72,83.49,2021-11-29 18:59:14,0
24,51,19,53,70,8.29,2021-08-27 10:22:10,0
25,54,56,51,82,24.79,2021-11-18 22:06:08,0
26,73,87,99,53,40.51,2021-06-18 12:27:21,0
27,35,49,81,41,54.51,2021-10-11 06:25:20,0
28,99,4,15,68,86.79,2021-07-21 16:02:28,0
29,79,64,43,54,72.07,2021-03-03 23:04:51,0
30,11,98,67,87,51.55,2021-08-04 12:57:02,0
31,25,52,70,97,92.79,2021-07-17 18:59:19,0
32,9,46,13,80,10.83,2021-07-02 00:31:38,0
33,63,51,63,55,44.1,2021-10-14 02:58:47,0
34,27,19,31,48,58.8,2021-03-10 10:22:52,0
35,80,52,51,15,35.46,2021-11-22 07:04:26,0
36,45,23,32,62,72.76,2021-11-11 22:34:10,0
37,66,63,26,56,64.36,2021-10-25 00:54:50,0
38,55,8,97,46,8.17,2021-01-08 18:13:48,0
39,26,9,19,93,62.15,2022-03-07 16:17:45,0
40,27,100,97,17,89.57,2021-07-23 05:29:45,0
41,84,58,33,26,41.0,2021-09-23 02:15:02,0
42,35,8,46,68,80.29,2022-01-09 23:28:07,0
43,33,84,19,68,51.57,2021-10-23 03:03:41,0
44,4,39,67,97,54.92,2021-08-27 09:53:43,0
45,2,96,49,100,49.86,2021-07-24 02:01:33,0
46,50,78,100,93,5.19,2021-08-01 20:46:05,0
47,56,91,84,87,41.0,2021-07-11 18:51:06,0
48,60,15,99,85,67.15,2021-03-21 11:50:44,0
49,63,3,94,46,63.08,2021-01-21 10:22:29,0
50,19,29,42,1,4.19,2021-08-23 05:23:32,0
51,19,72,56,93,68.15,2021-07-21 16:15:52,0
52,12,65,64,57,11.48,2021-04-05 20:50:12,0
53,15,49,69,49,28.21,2021-10-14 23:43:36,0
54,3,86,51,19,83.24,2021-02-15 19:32:47,0
55,91,6,98,38,96.5,2021-05-24 04:10:00,0
56,61,19,100,47,57.31,2021-06-11 23:38:00,0
57,62,30,87,68,43.7,2021-07-24 08:05:15,0
58,21,10,54,96,71.4,2021-10-07 02:58:36,0
59,81,54,58,80,73.65,2021-04-18 18:40:20,0
60,80,56,59,22,99.05,2021-01-15 06:45:23,0
61,11,20,41,38,25.04,2021-07-11 22:47:27,0
62,51,40,45,60,51.02,2022-03-29 22:34:06,0
63,4,100,26,87,81.48,2021-06-10 15:08:17,0
64,14,59,60,46,15.21,2021-11-29 19:37:09,0
65,83,74,31,68,3.28,2021-08-25 05:06:33,0
66,57,51,36,30,50.56,2022-01-23 01:23:08,0
67,13,4,3,23,51.42,2021-09-05 09:57:29,0
68,41,80,55,39,42.87,2022-01-25 19:33:00,0
69,56,24,11,22,59.42,2021-09-01 07:19:51,0
70,89,98,90,94,40.99,2021-10-15 04:17:19,0
71,97,41,77,46,26.55,2021-06-23 12:10:05,0
72,1,22,16,92,56.32,2021-04-17 21:21:52,0
73,29,14,91,64,59.47,2021-12-01 07:02:56,0
74,92,96,30,11,52.01,2021-02-05 06:58:55,0
75,9,35,51,30,86.99,2021-07-13 17:52:22,0
76,87,89,38,16,63.26,2021-10-29 18:36:00,0
77,39,100,70,45,50.05,2021-11-08 20:53:51,0
78,49,97,65,2,65.53,2021-07-06 10:22:17,0
79,12,16,29,50,62.13,2021-05-25 03:38:57,0
80,42,26,71,40,13.29,2021-06-13 22:10:03,0
81,61,38,8,69,35.01,2021-10-19 11:32:15,0
82,75,95,39,63,62.34,2021-06-16 20:55:40,0
83,64,55,24,65,89.87,2022-01-13 13:39:32,0
84,76,93,22,91,87.65,2021-10-18 15:34:00,0
85,85,37,59,10,72.06,2021-05-21 23:02:23,0
86,85,26,19,73,3.23,2021-03-08 18:38:16,0
87,54,27,50,59,72.44,2021-09-30 20:36:01,0
88,20,52,82,35,40.78,2021-09-10 23:39:51,0
89,17,46,36,2,91.38,2021-03-09 02:07:08,0
90,82,97,50,90,77.11,2021-08-17 06:54:34,0
91,70,13,27,34,95.92,2021-06-24 07:46:26,0
92,37,19,87,34,44.72,2021-09-07 09:56:22,0
93,59,10,37,92,76.24,2021-06-28 00:33:43,0
94,75,43,70,1,70.98,2021-06-03 12:22:24,0
95,34,81,98,66,11.24,2021-05-14 02:24:30,0
96,24,100,82,69,54.75,2021-03-05 05:07:07,0
97,81,60,94,28,27.37,2022-02-03 16:05:46,0
98,56,51,31,5,96.25,2022-03-17 20:21:05,0
99,81,68,40,86,81.59,2022-02-03 00:22:01,0
100,68,37,39,52,39.91,2021-02-14 07:46:06,0
101,18,57,39,26,51.54,2022-03-01 03:13:48,0
102,26,9,33,92,77.28,2021-04-14 21:14:42,0
103,30,8,38,62,82.25,2021-10-01 11:17:11,0
104,14,82,64,89,93.85,2021-05-05 19:44:48,0
105,33,22,51,49,53.24,2021-10-22 00:49:07,0
106,26,14,4,82,65.99,2021-07-01 14:27:22,0
107,9,76,82,26,87.03,2021-08-02 17:42:05,0
108,40,22,9,43,80.5,2021-04-30 21:17:01,0
109,53,98,31,63,26.41,2021-05-10 01:20:48,0
110,41,6,47,53,44.1,2022-01-02 07:49:42,0
111,95,34,4,61,54.65,2022-03-28 23:05:28,0
112,85,30,22,22,1.14,2021-11-29 20:45:43,0
113,39,60,14,79,75.84,2021-04-29 22:08:14,0
114,17,45,5,45,29.55,2021-07-14 11:49:22,0
115,83,9,37,80,7.01,2021-03-07 16:28:26,0
116,47,61,90,11,75.4,2021-07-09 01:11:19,0
117,79,69,73,76,7.83,2021-06-14 14:39:18,0
118,28,93,77,13,60.78,2021-04-28 15:00:13,0
119,54,46,58,32,40.51,2022-03-03 17:40:37,0
120,22,99,62,19,34.3,2021-03-26 11:34:20,0
121,43,14,1,45,50.2,2021-03-05 00:13:03,0
122,9,55,85,95,50.11,2021-11-29 12:43:14,0
123,91,86,17,37,12.24,2021-12-31 21:45:19,0
124,98,12,68,83,94.79,2021-12-06 04:21:16,0
125,82,90,6,42,67.02,2021-03-19 13:59:26,0
126,37,64,43,62,43.63,2021-11-28 17:14:04,0
127,22,1,36,8,67.32,2021-06-09 13:09:09,0
128,97,4,78,37,32.91,2021-03-06 05:04:41,0
129,86,60,2,7,69.05,2021-07-01 15:57:43,0
130,70,99,73,55,33.56,2022-01-12 22:14:10,0
131,19,12,71,36,79.06,2021-06-30 10:11:39,0
132,96,36,82,45,93.45,2022-04-07 19:29:55,0
133,94,61,94,53,28.53,2021-11-30 05:39:09,0
134,8,96,23,29,50.3,2022-01-08 08:19:54,0
135,30,73,4,85,36.17,2021-02-16 06:34:57,0
136,4,70,59,99,91.26,2021-06-22 04:55:41,0
137,28,45,1,83,83.9,2021-03-16 00:20:11,0
138,79,88,71,90,68.33,2021-10-21 21:07:07,0
139,37,88,2,33,43.47,2021-08-17 07:26:59,0
140,66,1,89,70,24.52,2021-07-04 02:07:30,0
141,15,23,37,42,92.22,2021-02-11 05:54:36,0
142,17,49,92,100,23.01,2021-05-02 20:19:23,0
143,41,79,24,68,35.45,2021-09-28 08:06:57,0
144,2,98,75,9,39.41,2021-06-12 23:17:10,0
145,20,39,20,6,86.39,2022-01-13 20:22:24,0
146,28,77,88,26,43.62,2021-01-08 21:20:47,0
147,11,12,28,78,76.1,2021-03-23 10:02:02,0
148,42,7,15,87,11.41,2021-06-29 22:37:51,0
149,5,51,13,4,88.56,2022-01-19 10:50:49,0
150,87,75,60,45,95.89,2021-10-05 04:46:16,0
151,87,70,95,97,47.98,2021-10-02 20:58:19,0
152,94,40,81,89,82.39,2021-01-08 01:01:41,0
153,31,48,25,56,18.11,2021-03-02 00:21:21,0
154,88,57,5,79,22.09,2022-02-09 19:13:03,0
155,41,49,2,10,33.11,2021-03-02 07:27:43,0
156,83,47,88,37,17.54,2021-08-27 16:07:06,0
157,13,37,70,86,84.95,2021-06-17 05:27:35,0
158,18,98,55,42,83.42,2021-06-12 01:25:44,0
159,59,99,17,75,68.01,2022-02-22 10:09:14,0
160,87,91,40,11,82.39,2021-02-21 05:02:20,0
161,91,17,72,55,51.62,2021-08-23 01:42:05,0
162,81,63,5,69,65.57,2021-07-06 12:49:06,0
163,19,7,45,100,64.94,2021-02-19 12:44:34,0
164,54,51,22,26,99.3,2021-04-14 00:55:30,0
165,18,8,63,42,85.67,2021-07-20 22:03:11,0
166,4,94,3,77,60.46,2021-06-30 06:29:30,0
167,92,13,54,86,46.0,2021-07-04 20:35:56,0
168,99,45,95,47,3.43,2021-06-29 18:57:53,0
169,52,46,26,65,74.22,2021-11-13 04:00:34,0
170,56,39,27,30,45.32,2021-11-01 19:57:58,0
171,85,4,8,96,19.04,2021-02-04 02:05:01,0
172,8,72,6,80,94.69,2021-08-17 00:15:34,0
173,6,5,20,64,99.67,2021-08-13 21:19:24,0
174,61,28,38,14,72.6,2021-08-29 07:16:00,0
175,91,4,32,27,86.45,2022-02-04 03:03:41,0
176,57,28,53,6,26.64,2021-10-11 17:58:28,0
177,92,56,7,64,73.38,2021-10-17 12:24:19,0
178,85,51,79,28,82.61,2022-02-05 16:32:46,0
179,100,85,7,92,3.56,2021-03-27 01:41:58,0
180,85,35,36,29,18.47,2022-03-21 08:45:30,0
181,75,66,50,42,93.64,2021-09-09 03:56:10,0
182,75,80,26,35,64.3,2022-02-28 16:01:24,0
183,84,53,46,45,95.22,2021-03-06 04:47:46,0
184,50,71,55,55,32.99,2021-12-14 19:13:22,0
185,3,88,6,85,87.0,2021-03-12 15:57:49,0
186,58,9,82,18,34.91,2021-07-21 13:03:12,0
187,89,26,20,82,67.82,2021-12-09 05:44:03,0
188,31,66,45,69,94.82,2021-05-18 20:18:50,0
189,24,46,97,8,86.08,2021-10-17 19:26:53,0
190,92,53,19,6,28.2,2021-08-19 19:39:03,0
191,80,2,51,78,74.19,2021-05-19 20:54:07,0
192,3,93,92,70,20.49,2022-02-16 17:04:41,0
193,73,57,84,45,93.08,2021-01-08 00:36:50,0
194,79,39,64,54,81.15,2022-01-23 03:26:01,0
195,99,8,71,24,46.37,2021-04-07 22:50:10,0
196,75,45,20,56,44.21,2021-08-15 09:43:07,0
197,88,36,13,83,61.51,2021-08-23 23:00:41,0
198,66,100,11,73,99.61,2021-11-26 09:13:35,0
199,57,73,73,9,7.04,2022-02-27 14:56:33,0
200,62,49,98,38,68.92,2021-06-22 03:37:39,0
201,29,100,33,62,3.78,2021-05-21 06:55:37,0
202,41,24,46,45,88.22,2021-03-22 08:51:36,0
203,3,67,50,47,68.65,2021-07-20 10:42:48,0
204,25,3,55,60,42.85,2021-11-13 03:29:41,0
205,70,82,12,21,56.89,2021-11-29 17:50:41,0
206,47,26,17,5,57.63,2022-02-25 01:50:31,0
207,67,38,19,91,51.72,2022-02-02 00:29:27,0
208,98,100,38,47,67.66,2021-01-30 19:58:39,0
209,3,62,95,61,22.32,2021-08-25 02:12:52,0
210,81,83,7,44,82.37,2021-12-14 08:38:01,0
211,8,58,10,65,12.9,2021-11-04 13:01:50,0
212,36,26,61,65,29.23,2021-04-28 12:24:08,0
213,30,28,32,44,12.47,2021-07-05 05:46:07,0
214,26,31,33,28,36.87,2021-08-20 00:04:11,0
215,32,40,94,35,17.0,2021-08-20 16:45:10,0
216,60,61,43,51,48.33,2022-01-21 22:35:30,0
217,65,13,18,58,81.94,2022-01-19 03:44:26,0
218,94,85,69,76,58.79,2021-10-09 13:49:22,0
219,56,97,69,84,36.98,2021-07-14 11:50:11,0
220,44,60,22,39,45.07,2022-03-07 15:36:29,0
221,87,28,67,87,14.48,2021-06-05 07:59:56,0
222,90,15,76,8,47.53,2022-01-17 18:35:49,0
223,55,85,57,56,81.88,2021-12-20 19:46:32,0
224,15,60,18,53,40.29,2022-03-26 03:33:11,0
225,28,70,80,4,6.75,2021-05-21 19:00:06,0
226,60,100,21,64,16.01,2021-07-15 00:26:51,0
227,9,47,64,69,73.79,2022-01-07 20:48:43,0
228,17,18,65,2,66.82,2021-12-26 13:33:59,0
229,13,27,37,90,79.78,2021-04-10 13:55:28,0
230,1,70,25,31,12.63,2021-01-06 16:04:55,0
231,68,5,54,54,67.92,2021-07-20 04:14:27,0
232,50,8,19,61,62.54,2021-04-10 13:13:58,0
233,68,86,83,25,95.82,2021-08-07 09:02:25,0
234,39,59,83,77,28.21,2021-08-31 09:10:52,0
235,66,56,72,69,35.21,2021-09-06 03:59:05,0
236,57,47,60,58,39.82,2021-04-14 02:56:54,0
237,18,86,88,56,58.85,2021-07-28 20:53:43,0
238,35,50,90,83,43.5,2021-09-16 22:08:24,0
239,51,66,77,78,8.15,2021-09-15 20:04:52,0
240,98,31,91,80,8.17,2021-05-18 18:59:54,0
241,74,58,86,87,67.9,2021-01-05 12:52:33,0
242,72,22,31,24,47.22,2021-04-25 18:20:42,0
243,59,34,40,62,72.72,2021-06-14 23:04:46,0
244,40,98,29,42,20.9,2022-02-28 20:28:22,0
245,65,35,47,71,28.31,2022-02-19 04:14:49,0
246,77,13,19,28,12.59,2021-10-31 11:52:19,0
247,26,22,38,80,41.91,2021-10-14 21:49:46,0
248,79,36,12,12,85.78,2022-04-04 03:45:04,0
249,51,21,14,7,34.18,2022-03-24 19:09:23,0
250,88,100,4,1,27.89,2021-11-13 13:24:27,0
251,34,10,70,39,27.52,2021-06-12 12:00:46,0
252,11,67,52,37,7.36,2021-07-18 00:28:56,0
253,3,8,89,66,22.9,2021-09-24 08:52:23,0
254,32,76,87,92,32.2,2022-02-12 15:08:23,0
255,43,30,41,46,85.29,2022-03-24 09:38:02,0
256,48,58,95,44,26.59,2021-07-24 03:47:54,0
257,84,94,75,96,83.26,2021-04-18 05:39:36,0
258,4,31,85,81,88.07,2021-04-18 09:41:49,0
259,98,3,8,96,38.12,2022-01-17 02:42:49,0
260,32,16,37,49,83.33,2021-12-06 11:17:46,0
261,66,46,21,37,21.81,2022-03-26 15:54:21,0
262,71,83,13,85,39.33,2021-08-12 03:13:39,0
263,14,96,91,94,61.4,2021-06-15 16:34:16,0
264,10,53,7,69,30.77,2021-04-28 00:07:16,0
265,43,39,90,40,7.25,2021-03-19 22:15:21,0
266,66,62,52,8,38.35,2022-03-21 18:32:52,0
267,8,8,48,39,6.28,2021-12-02 04:07:16,0
268,88,38,63,100,42.65,2022-02-17 06:44:01,0
269,79,97,78,35,54.45,2021-10-04 16:08:41,0
270,50,69,45,5,31.94,2022-01-25 00:51:57,0
271,61,19,94,47,98.3,2021-10-10 13:40:31,0
272,97,21,81,75,44.09,2021-04-27 15:25:33,0
273,22,50,69,68,62.07,2021-08-09 05:49:40,0
274,10,15,19,85,59.77,2021-04-04 16:39:15,0
275,76,57,92,35,9.44,2021-02-27 01:00:57,0
276,66,18,75,20,32.13,2021-09-15 14:21:50,0
277,59,15,56,3,48.84,2021-01-16 04:55:38,0
278,73,77,36,37,46.17,2021-03-27 19:08:37,0
279,10,26,57,53,94.33,2021-03-12 14:06:11,0
280,96,61,8,42,72.11,2021-04-19 07:56:13,0
281,53,16,25,61,41.49,2021-05-28 06:49:16,0
282,53,54,73,24,42.63,2021-06-01 20:25:09,0
283,57,20,3,92,95.63,2021-05-24 15:05:21,0
284,29,89,17,53,18.22,2021-05-10 14:59:55,0
285,11,55,90,5,19.35,2021-05-13 06:40:47,0
286,78,72,76,18,94.92,2021-06-01 18:47:02,0
287,50,75,60,22,97.91,2021-07-27 05:40:32,0
288,7,43,55,76,91.26,2021-07-20 01:35:04,0
289,67,28,91,19,59.82,2021-07-09 11:43:33,0
290,9,52,68,63,77.89,2021-05-31 02:21:17,0
291,6,31,37,72,86.21,2022-01-11 18:58:09,0
292,37,100,93,8,95.21,2021-02-07 18:28:23,0
293,75,62,22,42,70.98,2021-03-18 09:32:25,0
294,51,11,14,76,99.9,2021-12-10 05:40:48,0
295,59,33,27,52,5.38,2021-07-21 10:34:41,0
296,52,70,18,16,90.71,2021-09-18 05:43:13,0
297,89,40,6,46,94.72,2021-05-17 19:15:10,0
298,15,10,88,59,79.86,2022-02-15 15:02:23,0
299,93,22,95,82,50.38,2021-06-30 10:19:24,0
300,45,25,45,22,68.73,2022-04-08 08:20:33,0
301,71,8,70,25,64.76,2021-06-28 04:26:10,0
302,81,59,75,84,88.4,2022-02-23 23:42:39,0
303,98,52,99,2,62.07,2021-02-17 00:08:38,0
304,43,68,14,19,86.06,2021-06-26 02:35:33,0
305,79,10,94,76,71.32,2021-08-20 21:48:32,0
306,85,26,26,95,99.37,2021-02-10 05:45:58,0
307,27,93,94,4,9.98,2022-02-19 06:05:05,0
308,73,71,5,73,48.12,2021-01-08 13:43:06,0
309,89,77,88,53,4.14,2022-01-23 18:15:19,0
310,67,33,85,48,92.62,2021-11-04 10:30:11,0
311,2,1,77,77,99.74,2021-01-03 21:25:04,0
312,59,43,79,72,55.03,2021-12-14 02:29:43,0
313,86,41,47,90,29.48,2021-10-16 06:26:53,0
314,8,40,5,10,87.96,2021-04-13 15:18:37,0
315,8,40,74,10,62.48,2021-03-09 20:10:01,0
316,75,5,95,43,95.38,2022-01-17 01:28:46,0
317,76,66,74,46,67.49,2021-09-14 11:21:27,0
318,12,84,57,58,71.57,2022-03-09 04:00:22,0
319,62,64,41,14,49.22,2021-08-04 12:15:01,0
320,81,67,41,23,2.47,2021-01-06 01:19:10,0
321,15,97,89,28,67.49,2021-01-23 09:53:52,0
322,83,72,82,3,61.2,2022-01-03 22:22:42,0
323,83,16,82,30,24.62,2022-01-27 10:00:00,0
324,70,80,16,30,63.79,2021-08-04 05:04:30,0
325,81,34,57,27,26.97,2021-04-13 02:04:42,0
326,66,26,50,66,20.89,2021-04-17 19:26:21,0
327,46,87,80,86,91.02,2021-06-22 13:29:35,0
328,58,20,13,100,38.95,2021-02-21 08:55:11,0
329,76,84,86,78,95.05,2021-03-09 23:41:20,0
330,65,17,50,22,73.74,2021-01-30 01:02:02,0
331,40,85,85,3,86.16,2021-05-20 00:05:02,0
332,78,74,35,62,16.96,2022-02-28 05:10:28,0
333,42,56,82,25,48.55,2021-11-17 01:37:31,0
334,100,33,15,53,14.23,2021-08-11 18:47:10,0
335,95,27,44,6,32.82,2021-10-08 08:46:34,0
336,7,91,79,43,79.18,2021-04-04 21:29:17,0
337,19,6,18,47,3.12,2021-08-01 15:22:35,0
338,48,18,18,1,93.07,2021-06-12 10:13:26,0
339,78,97,84,30,74.55,2022-03-21 22:38:24,0
340,92,61,69,86,2.03,2021-10-19 22:37:12,0
341,42,95,71,97,41.64,2021-10-08 21:12:55,0
342,86,59,52,34,4.06,2021-08-14 04:27:31,0
343,45,1,95,24,84.54,2021-12-06 05:54:00,0
344,49,64,63,94,62.8,2021-11-17 21:29:20,0
345,34,24,69,82,3.74,2021-08-09 10:59:09,0
346,79,7,84,50,55.35,2021-12-25 21:47:12,0
347,43,82,36,54,13.91,2022-03-12 15:43:29,0
348,54,92,80,89,64.82,2021-01-27 09:05:06,0
349,82,12,36,92,22.27,2022-02-27 05:40:03,0
350,57,74,89,51,29.51,2021-10-31 03:06:38,0
351,76,72,67,35,80.13,2022-02-02 05:56:54,0
352,40,55,60,88,19.07,2021-10-23 15:24:44,0
353,41,6,61,46,47.91,2021-12-03 08:43:40,0
354,72,14,2,70,49.99,2021-10-23 09:48:49,0
355,1,37,75,1,8.58,2021-03-29 21:44:35,0
356,88,5,64,95,20.92,2022-02-07 01:03:39,0
357,93,4,52,91,73.98,2021-08-25 02:59:13,0
358,51,71,51,52,74.73,2021-01-30 22:01:33,0
359,37,24,86,100,84.03,2021-06-19 12:09:17,0
360,62,40,84,32,42.37,2021-02-10 14:49:56,0
361,73,78,2,26,89.27,2022-02-08 21:28:14,0
362,54,11,2,72,24.19,2021-10-11 13:09:17,0
363,68,8,18,32,12.85,2021-06-17 15:05:48,0
364,87,55,59,45,51.14,2021-02-07 14:53:36,0
365,63,62,47,79,17.4,2021-03-24 10:14:57,0
366,24,1,12,62,15.5,2021-02-11 14:07:51,0
367,86,8,53,34,17.29,2022-02-17 23:37:29,0
368,85,39,2,14,76.4,2021-09-03 23:31:17,0
369,20,47,95,42,52.74,2021-08-19 16:33:55,0
370,94,78,21,86,20.35,2021-03-27 04:47:55,0
371,99,78,47,33,22.42,2021-12-23 18:38:21,0
372,54,16,38,31,18.0,2021-08-19 13:55:24,0
373,26,15,88,88,35.54,2021-12-27 18:58:11,0
374,25,29,58,96,61.7,2022-01-06 01:16:46,0
375,29,8,66,74,9.25,2021-03-18 01:28:43,0
376,36,93,94,77,40.57,2021-04-28 06:14:58,0
377,11,6,39,26,31.78,2021-01-22 11:36:13,0
378,30,4,11,95,12.27,2021-05-26 23:00:38,0
379,84,93,60,99,78.9,2021-12-18 22:00:25,0
380,7,82,8,38,12.56,2022-02-27 16:48:21,0
381,15,19,59,99,97.37,2022-01-26 19:08:07,0
382,47,96,19,71,57.41,2021-10-16 17:47:22,0
383,85,12,55,66,9.44,2021-06-18 23:20:29,0
384,4,91,8,73,88.28,2021-11-23 07:57:56,0
385,35,39,14,37,32.82,2021-07-17 14:22:18,0
386,62,3,29,66,26.35,2022-03-02 00:22:42,0
387,92,55,42,37,31.46,2021-01-26 10:08:19,0
388,37,63,80,83,17.84,2021-11-07 03:04:56,0
389,40,13,22,47,48.99,2021-09-02 09:46:32,0
390,25,50,80,44,60.82,2021-10-25 08:21:29,0
391,26,36,3,75,79.83,2021-04-12 00:24:23,0
392,91,62,14,90,81.0,2021-09-29 12:54:01,0
393,20,83,82,29,64.13,2021-12-15 09:33:36,0
394,31,64,82,19,7.44,2021-07-14 06:50:46,0
395,50,67,70,32,95.11,2021-02-07 11:26:56,0
396,46,81,52,4,69.19,2021-12-19 18:34:48,0
397,50,59,25,59,77.0,2021-06-16 08:18:16,0
398,15,66,25,95,31.22,2021-07-05 04:34:36,0
399,49,75,74,3,94.76,2022-02-07 13:06:12,0
400,69,59,94,84,50.12,2022-01-07 22:51:04,0
401,79,30,36,13,71.3,2021-08-09 03:33:59,0
402,84,53,70,21,50.04,2021-08-13 20:51:08,0
403,2,40,40,38,6.86,2021-02-05 05:34:47,0
404,55,5,10,60,77.39,2021-04-12 00:36:44,0
405,53,20,29,39,87.98,2022-01-27 02:31:04,0
406,24,51,51,89,11.42,2021-02-01 03:18:31,0
407,73,53,44,66,27.78,2021-11-04 03:49:12,0
408,18,96,18,67,46.05,2022-01-02 13:06:49,0
409,25,94,12,78,24.47,2021-02-02 14:12:25,0
410,46,94,41,62,57.64,2021-12-31 07:37:04,0
411,9,32,49,60,59.4,2021-04-12 03:47:27,0
412,92,69,61,78,27.55,2021-11-29 20:21:00,0
413,9,63,19,53,61.48,2021-08-04 02:50:12,0
414,65,25,24,74,96.96,2021-04-10 11:13:55,0
415,84,17,74,8,69.01,2021-04-15 05:41:07,0
416,37,54,83,80,26.17,2021-03-03 07:00:41,0
417,7,94,59,39,3.77,2021-06-09 15:27:26,0
418,7,92,43,1,53.49,2021-11-14 00:39:48,0
419,60,53,60,48,36.58,2021-01-20 18:57:13,0
420,80,68,48,18,39.04,2022-01-08 06:29:33,0
421,70,19,37,44,43.78,2021-10-30 06:01:03,0
422,25,39,31,66,69.14,2021-05-23 19:26:10,0
423,22,47,78,50,84.24,2022-04-04 20:05:20,0
424,53,61,80,91,34.45,2022-03-30 15:13:15,0
425,2,94,50,13,3.18,2021-04-19 06:35:17,0
426,46,76,48,89,19.35,2021-01-01 17:53:24,0
427,61,86,28,86,98.87,2022-01-06 04:36:33,0
428,67,10,11,3,32.42,2021-05-03 08:40:24,0
429,93,57,23,81,90.95,2021-05-15 21:20:06,0
430,95,62,58,68,64.9,2021-12-19 15:20:13,0
431,29,11,72,74,13.06,2021-12-13 12:13:06,0
432,28,20,4,68,22.41,2021-10-20 20:31:03,0
433,11,75,31,18,26.84,2022-01-10 00:39:12,0
434,47,96,65,78,95.85,2021-03-17 07:39:40,0
435,91,38,14,78,57.67,2021-04-14 09:39:42,0
436,96,53,12,10,64.46,2022-03-17 19:25:29,0
437,37,39,41,79,3.11,2021-12-25 00:25:17,0
438,72,83,82,90,12.46,2021-10-01 02:52:17,0
439,41,45,73,96,16.6,2021-02-25 16:29:36,0
440,73,83,93,28,44.66,2021-07-05 05:17:29,0
441,77,89,98,83,89.48,2021-03-06 00:06:45,0
442,20,36,29,76,57.42,2021-12-15 07:19:25,0
443,11,20,30,77,83.44,2022-02-28 06:01:43,0
444,69,81,71,25,16.29,2021-10-28 03:42:40,0
445,82,6,6,85,59.78,2021-12-22 00:42:44,0
446,5,42,70,54,20.05,2021-03-01 01:50:58,0
447,51,58,35,41,79.3,2021-09-15 03:51:55,0
448,8,79,61,65,36.35,2021-02-10 00:17:21,0
449,97,33,14,93,46.82,2022-04-01 08:19:52,0
450,2,67,79,29,38.96,2021-02-25 04:40:27,0
451,91,58,19,38,65.54,2021-02-24 10:11:20,0
452,83,59,90,56,3.11,2022-01-08 19:28:59,0
453,47,74,80,85,31.88,2021-09-05 13:04:43,0
454,75,1,74,22,13.89,2021-03-30 02:30:42,0
455,45,55,38,87,30.92,2021-06-22 10:02:39,0
456,19,17,36,47,25.83,2022-02-17 06:35:01,0
457,65,73,39,48,72.86,2021-12-12 16:48:24,0
458,27,60,74,11,66.73,2021-11-08 15:49:34,0
459,31,88,89,95,90.52,2021-11-01 08:16:19,0
460,4,50,73,91,40.52,2021-09-24 01:13:27,0
461,32,36,20,95,57.62,2021-05-21 15:50:16,0
462,18,48,69,66,34.83,2021-04-09 03:13:41,0
463,11,27,18,23,42.16,2021-10-26 09:21:39,0
464,13,10,18,23,56.39,2021-04-24 03:42:05,0
465,77,76,33,42,2.47,2021-11-22 03:19:09,0
466,42,87,51,33,74.87,2022-02-15 21:54:20,0
467,66,96,62,61,7.34,2021-06-08 12:40:42,0
468,87,7,27,61,99.75,2021-11-22 03:09:35,0
469,89,2,29,75,8.43,2022-03-03 11:21:28,0
470,88,100,27,7,48.83,2021-03-13 23:53:07,0
471,60,26,24,3,71.46,2021-05-27 19:00:53,0
472,38,33,90,68,39.05,2021-08-31 05:14:05,0
473,2,59,57,34,27.94,2021-06-22 21:38:15,0
474,72,24,35,81,17.32,2022-01-17 18:29:33,0
475,39,54,80,59,31.02,2021-05-31 14:20:01,0
476,45,67,95,16,92.6,2022-04-07 21:43:06,0
477,18,67,48,30,61.55,2021-06-25 20:01:41,0
478,49,41,59,27,24.72,2021-10-10 22:24:42,0
479,72,24,94,53,7.43,2021-05-23 20:56:37,0
480,55,34,64,37,5.31,2022-01-24 08:11:40,0
481,38,40,74,91,34.08,2021-12-10 18:24:18,0
482,19,70,31,37,80.66,2021-10-10 11:33:23,0
483,48,47,39,53,19.9,2022-02-03 21:47:29,0
484,82,74,94,56,75.87,2021-04-15 15:01:40,0
485,26,2,57,48,42.59,2021-10-07 18:39:06,0
486,22,70,39,17,86.08,2021-12-08 14:57:33,0
487,50,87,45,84,90.66,2021-03-20 12:57:11,0
488,52,92,14,63,85.22,2022-03-11 23:56:23,0
489,41,12,41,97,79.56,2022-01-01 20:36:42,0
490,69,92,18,71,39.84,2021-05-08 16:42:29,0
491,32,2,4,91,96.53,2021-07-26 13:46:56,0
492,99,26,3,25,62.59,2022-01-05 07:04:35,0
493,42,69,46,41,58.16,2022-01-08 12:08:23,0
494,43,3,54,35,52.09,2022-03-21 14:12:57,0
495,53,1,45,73,51.97,2021-08-18 08:06:42,0
496,19,45,8,74,47.31,2021-06-11 22:26:50,0
497,28,19,63,18,97.93,2021-08-02 01:09:18,0
498,98,3,34,95,93.44,2021-06-06 05:17:17,0
499,4,77,16,37,85.9,2021-09-30 18:13:53,0
500,12,75,10,98,44.41,2022-01-01 03:29:46,0
501,67,11,6,94,89.41,2021-10-25 16:54:28,0
502,75,26,34,32,42.67,2021-06-19 18:31:56,0
503,32,20,31,22,17.4,2021-12-23 00:29:04,0
504,72,76,13,72,45.29,2021-05-11 18:37:49,0
505,42,12,66,54,7.54,2021-12-21 13:13:51,0
506,67,78,50,31,94.31,2021-11-20 00:45:27,0
507,62,75,17,88,11.28,2021-12-13 14:51:13,0
508,82,50,30,2,91.23,2022-03-12 17:08:54,0
509,33,95,58,100,32.3,2022-04-01 22:13:49,0
510,88,5,10,58,64.05,2021-12-11 16:58:21,0
511,100,91,10,99,62.43,2021-11-22 21:38:10,0
512,97,60,70,26,7.53,2021-01-29 03:44:10,0
513,41,66,76,23,34.48,2021-02-19 12:24:14,0
514,89,7,63,43,10.98,2021-03-24 07:55:39,0
515,9,50,95,45,69.19,2021-01-18 12:09:02,0
516,32,3,94,95,88.31,2021-09-08 23:52:09,0
517,66,53,15,41,11.73,2022-02-04 08:17:33,0
518,47,37,23,31,61.5,2021-09-03 02:45:44,0
519,90,23,48,29,24.25,2021-10-12 03:41:00,0
520,76,64,37,79,12.97,2021-07-24 02:51:06,0
521,7,11,57,64,98.19,2021-10-01 10:26:04,0
522,27,18,28,75,5.88,2021-02-01 06:58:59,0
523,66,22,85,43,10.34,2021-02-24 02:44:10,0
524,54,80,64,68,61.06,2021-09-07 21:12:10,0
525,8,87,18,75,60.13,2022-02-20 21:27:12,0
526,52,23,10,49,84.52,2021-08-27 13:01:05,0
527,8,83,58,96,96.95,2021-01-27 17:43:30,0
528,32,61,11,57,38.9,2022-03-16 09:49:29,0
529,14,54,19,6,18.69,2021-01-26 02:30:00,0
530,9,14,89,18,79.96,2021-05-17 17:20:38,0
531,49,16,82,99,86.56,2021-12-02 22:43:43,0
532,98,72,85,64,82.33,2021-10-11 21:14:24,0
533,13,62,30,25,25.08,2021-11-09 05:21:43,0
534,35,36,48,53,52.37,2021-08-27 04:03:03,0
535,59,99,92,4,26.0,2021-12-16 18:55:46,0
536,10,81,100,98,90.6,2021-05-04 22:10:15,0
537,57,1,37,43,48.91,2021-01-13 14:09:51,0
538,59,19,89,67,23.03,2021-01-10 12:42:23,0
539,82,35,72,84,9.86,2021-07-11 06:57:59,0
540,41,99,78,38,98.05,2021-06-15 14:57:04,0
541,75,52,20,70,90.17,2021-03-04 12:21:54,0
542,72,98,99,31,70.19,2021-04-29 13:44:44,0
543,11,20,36,69,91.82,2021-01-19 18:44:53,0
544,64,43,57,93,91.17,2021-06-13 05:28:58,0
545,100,39,22,82,1.57,2021-01-06 14:29:20,0
546,28,35,43,26,44.91,2021-07-28 14:34:49,0
547,25,9,55,51,90.94,2022-01-13 14:10:17,0
548,89,77,40,52,38.7,2021-03-25 16:39:48,0
549,38,17,7,1,27.25,2021-03-23 22:19:21,0
550,34,7,62,41,56.78,2021-01-21 09:29:08,0
551,52,93,5,12,50.51,2022-01-12 22:12:50,0
552,13,26,86,23,44.95,2021-11-17 05:50:42,0
553,95,36,47,22,53.52,2021-06-13 14:31:15,0
554,6,67,20,67,38.26,2021-08-29 14:21:02,0
555,22,15,21,16,52.29,2022-01-28 20:37:29,0
556,82,76,10,42,92.89,2021-12-07 10:03:23,0
557,70,25,29,11,32.44,2021-08-01 17:56:44,0
558,44,50,44,41,43.84,2021-01-29 05:26:22,0
559,46,25,51,3,72.66,2021-12-16 16:59:30,0
560,12,85,12,4,94.22,2022-03-26 03:12:07,0
561,22,62,69,36,17.52,2022-01-13 10:11:32,0
562,49,85,30,50,45.68,2021-12-21 01:26:00,0
563,32,3,56,18,89.36,2021-12-29 05:36:33,0
564,49,75,20,89,94.53,2022-02-18 13:09:21,0
565,87,81,42,85,11.07,2021-02-06 04:28:25,0
566,34,90,43,98,97.01,2021-09-05 02:23:01,0
567,42,88,18,62,13.09,2022-03-03 02:48:18,0
568,26,53,62,66,74.55,2021-04-02 07:29:27,0
569,62,91,82,80,91.39,2021-02-25 03:19:46,0
570,75,39,81,55,55.97,2021-04-15 23:20:01,0
571,76,66,85,61,27.16,2021-06-11 21:48:52,0
572,76,24,57,97,20.76,2022-03-21 10:08:53,0
573,22,52,76,83,57.82,2022-01-28 04:26:17,0
574,29,80,88,98,12.71,2022-01-13 17:57:24,0
575,28,44,62,92,99.03,2021-06-10 23:59:03,0
576,40,92,67,22,4.73,2021-09-03 01:09:14,0
577,21,35,16,74,9.35,2021-09-06 12:43:58,0
578,89,96,9,55,56.58,2022-04-07 10:27:47,0
579,35,68,29,67,43.37,2021-03-26 08:27:22,0
580,72,19,6,76,26.95,2021-11-24 20:19:00,0
581,63,20,83,46,71.44,2021-11-09 04:18:10,0
582,98,4,53,25,56.14,2021-09-29 15:00:34,0
583,75,5,55,22,71.43,2021-02-14 00:10:41,0
584,59,12,3,73,40.62,2021-03-08 20:54:18,0
585,76,89,29,84,57.32,2021-05-20 18:20:55,0
586,65,75,88,76,11.53,2021-04-21 20:19:32,0
587,82,34,55,92,50.82,2021-03-19 02:39:20,0
588,92,96,31,67,40.93,2021-05-03 10:53:04,0
589,13,53,71,47,64.76,2021-10-14 18:32:53,0
590,76,66,22,25,89.88,2022-01-09 10:17:20,0
591,92,76,64,44,33.48,2021-05-13 16:53:01,0
592,82,23,66,86,96.63,2021-11-22 08:54:40,0
593,86,78,88,37,39.18,2021-08-07 12:19:31,0
594,44,22,86,97,6.85,2021-01-22 21:30:15,0
595,70,3,54,40,97.08,2021-12-11 01:23:11,0
596,68,69,39,88,23.29,2021-05-05 18:04:18,0
597,89,37,14,94,86.58,2021-07-17 18:05:27,0
598,96,31,39,65,97.44,2021-12-06 12:49:43,0
599,70,59,34,76,14.74,2021-01-03 16:55:23,0
600,14,83,81,55,61.85,2022-01-05 05:30:40,0
601,3,17,94,100,68.93,2021-06-23 12:17:11,0
602,2,88,77,43,69.51,2021-06-08 19:29:23,0
603,35,22,96,33,32.72,2021-08-26 00:44:04,0
604,92,77,27,55,36.37,2022-02-20 07:28:24,0
605,95,59,99,30,74.42,2022-03-29 11:26:33,0
606,55,44,85,43,17.42,2021-06-14 08:03:28,0
607,64,5,9,14,8.37,2022-02-15 12:28:41,0
608,26,56,55,15,32.07,2021-06-05 23:26:23,0
609,47,43,76,33,86.91,2021-10-12 12:16:54,0
610,59,31,78,63,1.0,2021-03-26 22:55:55,0
611,41,81,71,53,59.95,2021-10-19 21:05:29,0
612,31,57,41,67,81.58,2021-09-12 06:09:24,0
613,77,25,60,51,83.81,2021-01-26 16:12:39,0
614,2,78,16,37,18.63,2021-12-23 12:50:09,0
615,77,36,38,36,24.85,2021-08-29 11:50:44,0
616,33,30,84,93,71.35,2021-08-02 15:04:58,0
617,69,15,61,57,30.48,2021-06-16 16:15:08,0
618,87,61,95,62,42.35,2021-10-21 11:42:55,0
619,83,3,8,32,79.78,2021-06-28 18:43:24,0
620,52,98,33,67,97.04,2021-03-07 01:20:20,0
621,60,74,72,35,34.87,2022-02-11 22:22:11,0
622,55,24,45,100,80.31,2021-03-20 15:10:02,0
623,31,5,23,15,9.87,2022-04-06 06:16:16,0
624,65,69,35,69,71.43,2021-08-28 17:18:54,0
625,90,21,84,37,37.85,2021-08-24 16:51:58,0
626,81,35,35,91,79.18,2021-04-07 06:03:49,0
627,57,24,61,4,43.04,2021-02-28 12:59:57,0
628,41,86,82,46,57.63,2021-08-06 00:27:57,0
629,54,2,22,32,72.74,2021-07-31 09:13:27,0
630,61,26,35,92,65.68,2021-03-21 11:53:36,0
631,74,62,60,43,12.62,2021-08-14 09:26:00,0
632,57,19,18,87,11.95,2021-10-10 02:46:27,0
633,70,41,78,57,93.62,2021-11-08 04:05:22,0
634,88,44,72,37,80.41,2022-02-15 17:00:44,0
635,27,72,100,43,59.36,2021-06-17 16:33:37,0
636,73,55,34,32,9.5,2021-09-12 18:30:33,0
637,69,78,54,40,57.19,2021-02-15 16:58:27,0
638,86,88,10,58,77.15,2021-02-27 04:45:43,0
639,20,54,70,43,42.33,2021-11-07 21:25:50,0
640,1,7,37,74,1.82,2022-02-27 01:51:51,0
641,98,2,27,47,54.77,2022-02-08 23:51:24,0
642,7,40,66,57,75.33,2021-02-03 04:48:30,0
643,65,75,42,2,60.12,2021-05-23 11:17:08,0
644,80,91,79,23,99.75,2021-03-17 06:04:41,0
645,4,1,21,53,63.77,2022-03-18 03:28:01,0
646,78,45,34,75,38.0,2021-08-17 19:09:57,0
647,90,34,27,20,87.57,2021-03-16 13:20:39,0
648,72,35,26,47,73.41,2021-05-08 04:27:06,0
649,2,89,47,35,27.42,2021-08-28 18:01:44,0
650,30,48,30,7,15.89,2021-03-24 04:09:39,0
651,84,86,69,6,84.96,2021-01-30 07:06:13,0
652,10,100,65,8,23.46,2022-02-15 09:13:14,0
653,1,83,72,23,82.8,2021-08-18 12:12:44,0
654,97,60,48,72,89.79,2022-02-02 09:07:25,0
655,18,100,85,43,92.73,2022-03-08 13:50:14,0
656,94,2,41,12,18.06,2021-01-10 04:14:06,0
657,57,23,73,74,60.27,2021-11-01 04:55:15,0
658,100,46,8,41,35.42,2022-02-10 01:14:18,0
659,65,15,39,86,55.16,2021-04-16 01:46:46,0
660,70,23,69,18,1.9,2021-06-19 09:57:05,0
661,29,35,9,83,8.17,2021-04-12 06:21:47,0
662,32,47,88,48,50.57,2021-10-29 09:59:46,0
663,69,35,85,1,69.09,2021-08-03 20:40:46,0
664,31,77,80,44,82.62,2021-01-26 13:55:53,0
665,39,90,41,97,83.19,2021-03-06 18:19:23,0
666,89,65,11,21,20.22,2021-12-08 14:31:00,0
667,23,39,51,82,36.05,2021-07-25 06:29:11,0
668,37,10,84,4,37.82,2021-11-28 08:49:40,0
669,35,72,15,88,27.04,2021-02-02 01:13:08,0
670,6,50,59,10,54.68,2021-05-14 09:05:53,0
671,65,20,62,12,8.87,2022-02-21 08:27:13,0
672,1,71,6,90,14.44,2021-04-29 09:24:37,0
673,2,83,53,62,34.77,2021-07-17 21:33:21,0
674,27,11,39,11,10.7,2021-02-09 14:34:23,0
675,51,71,99,90,3.21,2021-07-15 03:12:23,0
676,82,9,99,90,82.3,2021-12-10 07:19:10,0
677,43,50,13,65,78.64,2021-09-11 20:45:17,0
678,53,96,82,32,18.92,2021-04-12 02:35:06,0
679,32,75,55,47,46.86,2021-10-18 12:40:09,0
680,28,27,28,7,70.15,2021-10-05 06:23:28,0
681,80,75,52,1,58.58,2021-07-25 21:40:46,0
682,11,100,18,54,94.35,2021-03-21 12:34:20,0
683,38,25,62,13,49.42,2021-04-02 02:56:27,0
684,49,42,76,4,74.64,2021-11-05 18:54:37,0
685,14,67,71,26,66.39,2021-04-17 15:50:44,0
686,94,28,31,74,74.55,2021-06-05 20:22:18,0
687,38,38,89,17,37.23,2021-07-23 00:55:01,0
688,49,67,52,50,92.66,2021-01-13 19:50:34,0
689,77,6,48,16,89.04,2021-01-05 15:18:46,0
690,37,19,31,46,6.4,2021-04-10 02:17:28,0
691,22,81,16,40,13.96,2021-01-05 19:20:51,0
692,31,24,2,73,14.32,2021-03-11 11:02:14,0
693,14,26,7,69,4.64,2021-10-09 23:25:34,0
694,22,92,72,79,72.86,2021-10-29 04:37:01,0
695,56,17,83,100,27.31,2021-04-05 21:22:46,0
696,78,11,81,90,48.85,2021-10-30 15:41:49,0
697,78,88,5,92,23.91,2021-08-19 07:12:18,0
698,19,49,72,69,56.42,2021-02-05 14:41:32,0
699,79,9,46,81,71.7,2021-09-26 07:48:14,0
700,90,80,29,36,24.8,2021-05-19 19:16:13,0
701,40,21,33,75,9.61,2021-12-01 11:41:11,0
702,45,19,38,30,12.57,2021-01-16 09:11:02,0
703,33,60,57,76,36.1,2021-05-08 15:12:29,0
704,41,50,56,44,6.01,2021-12-10 12:19:30,0
705,75,23,55,79,38.27,2022-01-21 15:28:31,0
706,65,39,47,29,50.97,2022-04-04 14:12:50,0
707,80,51,45,47,87.43,2021-04-27 16:43:27,0
708,8,95,81,42,54.0,2021-07-13 05:37:21,0
709,10,70,44,69,35.22,2021-03-19 21:07:29,0
710,81,74,100,65,63.0,2022-02-13 13:26:30,0
711,76,63,84,21,59.88,2022-04-05 21:42:59,0
712,80,90,31,13,57.52,2021-12-31 13:04:37,0
713,6,28,38,54,52.33,2021-02-22 13:10:12,0
714,38,40,72,20,82.09,2021-12-15 18:21:33,0
715,85,40,10,1,45.37,2021-11-30 09:15:37,0
716,96,58,24,16,75.08,2021-08-17 15:04:02,0
717,20,80,32,75,10.16,2021-05-16 05:17:35,0
718,66,37,11,62,90.08,2021-02-06 18:51:42,0
719,74,15,28,96,45.82,2021-06-07 13:20:30,0
720,25,95,44,66,13.3,2021-04-27 17:35:34,0
721,83,46,43,48,58.52,2022-02-27 16:24:25,0
722,31,67,9,44,26.47,2022-01-16 05:05:38,0
723,16,8,73,60,4.82,2021-10-18 14:37:15,0
724,63,7,66,36,59.01,2021-12-23 08:02:18,0
725,73,96,95,81,67.68,2021-06-28 12:16:05,0
726,40,30,89,92,50.29,2021-02-14 15:25:19,0
727,15,100,66,71,8.09,2021-12-19 19:41:13,0
728,78,17,16,91,8.95,2021-05-03 17:05:58,0
729,39,1,92,50,12.72,2021-02-11 17:15:11,0
730,33,14,61,38,50.15,2021-11-27 07:20:38,0
731,48,62,51,72,88.1,2021-07-21 07:56:31,0
732,67,20,48,68,52.05,2021-04-25 16:07:51,0
733,72,50,78,52,78.65,2021-01-09 18:00:02,0
734,92,78,85,26,38.56,2021-12-11 01:38:03,0
735,24,54,10,64,65.08,2021-11-09 19:46:48,0
736,36,25,65,36,27.13,2021-02-02 18:48:20,0
737,16,33,83,9,87.92,2021-08-23 19:07:26,0
738,61,5,38,53,14.03,2021-04-04 02:25:08,0
739,23,38,58,35,46.0,2021-06-24 19:01:37,0
740,71,60,91,68,36.82,2021-03-02 05:44:00,0
741,76,68,8,67,27.4,2021-02-26 03:27:01,0
742,36,47,34,16,89.01,2021-06-02 03:06:29,0
743,13,41,47,23,30.31,2021-04-09 19:53:56,0
744,65,64,5,49,36.62,2021-07-04 07:38:31,0
745,68,97,4,67,41.44,2021-06-01 08:19:00,0
746,60,25,40,85,81.29,2021-06-19 22:23:11,0
747,85,30,33,90,58.93,2021-03-10 13:43:51,0
748,91,7,50,47,40.62,2021-06-26 11:39:53,0
749,17,91,3,62,89.98,2021-10-16 03:29:52,0
750,85,72,89,91,23.35,2021-05-27 06:57:05,0
751,24,93,55,58,54.17,2021-02-26 18:56:40,0
752,8,85,75,84,14.97,2021-01-31 01:11:16,0
753,60,94,75,27,99.21,2021-07-15 23:08:34,0
754,72,66,51,6,39.6,2021-01-28 22:18:27,0
755,96,61,31,85,89.21,2021-06-06 13:16:03,0
756,54,87,59,25,23.37,2021-10-05 11:55:40,0
757,62,11,21,88,44.58,2021-04-03 14:37:58,0
758,99,28,48,33,87.27,2021-10-18 13:45:57,0
759,36,51,31,20,98.82,2022-02-21 08:41:18,0
760,66,59,87,25,53.2,2021-05-01 18:51:34,0
761,15,59,18,10,91.79,2022-03-05 16:08:06,0
762,35,32,16,70,15.24,2022-03-16 02:27:54,0
763,75,100,74,65,1.75,2022-03-11 00:15:07,0
764,30,36,38,69,75.56,2022-03-04 18:12:18,0
765,99,57,50,72,77.74,2021-03-21 07:32:09,0
766,29,39,20,7,30.46,2021-08-02 02:04:15,0
767,60,77,99,30,69.96,2021-08-31 09:35:04,0
768,81,49,3,9,48.48,2021-07-12 09:36:45,0
769,93,22,10,3,51.86,2021-11-12 18:09:35,0
770,18,51,93,58,86.04,2021-01-17 11:01:03,0
771,53,50,20,13,66.56,2021-09-24 16:00:04,0
772,77,64,64,96,83.52,2021-01-06 04:25:39,0
773,46,8,67,76,43.28,2021-11-20 11:17:56,0
774,8,79,9,11,38.96,2021-08-05 02:53:21,0
775,94,44,56,61,83.22,2021-02-07 06:54:27,0
776,16,56,94,99,99.37,2021-09-12 13:56:22,0
777,23,71,24,13,13.97,2021-02-10 13:31:27,0
778,28,33,61,21,23.05,2021-12-02 23:06:24,0
779,61,76,17,9,11.1,2021-11-01 23:48:35,0
780,14,54,7,8,40.16,2022-02-12 02:57:29,0
781,95,52,50,5,24.87,2022-02-22 21:22:03,0
782,22,100,21,18,48.93,2021-11-24 08:04:53,0
783,17,25,88,87,36.27,2022-01-14 21:09:30,0
784,47,7,13,63,30.21,2022-02-28 21:33:26,0
785,77,81,76,18,7.97,2021-07-23 09:28:17,0
786,7,8,32,61,5.13,2021-02-23 20:08:52,0
787,23,55,78,89,31.39,2022-03-27 16:29:49,0
788,68,35,85,72,78.97,2021-01-31 07:17:58,0
789,97,68,71,18,60.3,2021-02-20 15:09:59,0
790,24,66,4,8,52.25,2021-04-21 04:08:12,0
791,73,26,83,17,85.49,2021-05-29 16:43:34,0
792,22,89,94,92,21.89,2021-11-04 14:33:49,0
793,18,73,9,49,44.28,2022-04-06 16:46:13,0
794,69,17,36,11,58.65,2021-10-20 17:31:31,0
795,76,64,4,90,65.91,2021-11-17 03:48:57,0
796,68,59,34,74,80.97,2021-04-25 15:44:21,0
797,94,30,36,20,76.13,2022-03-07 10:56:29,0
798,75,65,28,74,42.99,2021-08-03 14:31:52,0
799,34,26,8,85,70.55,2021-10-25 15:07:23,0
800,79,15,83,58,19.69,2021-06-19 16:31:03,0
801,10,3,54,37,65.04,2021-04-03 09:19:56,0
802,100,81,98,84,75.21,2021-11-06 01:57:55,0
803,42,63,15,40,88.87,2021-12-19 05:16:08,0
804,16,83,90,59,1.25,2021-05-08 12:22:40,0
805,14,73,81,41,17.05,2021-09-21 12:38:46,0
806,30,63,86,80,18.79,2022-01-22 00:28:32,0
807,49,50,8,57,98.8,2021-05-22 22:26:50,0
808,7,18,30,88,85.99,2022-03-19 22:24:21,0
809,100,61,2,81,2.65,2021-09-13 17:46:24,0
810,16,100,72,67,9.49,2022-03-01 21:01:28,0
811,17,8,81,10,27.72,2021-08-09 06:21:15,0
812,20,24,6,44,56.82,2021-02-13 03:58:21,0
813,71,49,37,68,79.09,2021-04-20 04:43:24,0
814,91,39,64,17,18.57,2021-09-30 22:20:03,0
815,12,65,58,11,20.55,2021-12-15 20:05:15,0
816,20,31,93,2,49.44,2021-01-16 10:53:11,0
817,85,71,62,23,20.36,2021-07-09 12:19:44,0
818,98,2,68,3,82.59,2021-10-13 14:51:39,0
819,86,58,41,26,64.26,2021-10-16 10:29:24,0
820,16,48,100,65,16.7,2022-03-08 19:00:11,0
821,77,11,38,78,68.24,2021-05-05 10:01:40,0
822,19,58,66,46,13.87,2021-02-14 19:28:21,0
823,31,7,48,38,71.74,2021-06-06 17:16:18,0
824,78,48,37,49,78.59,2021-01-24 05:19:25,0
825,64,50,79,8,34.85,2021-04-20 10:03:27,0
826,83,59,45,86,69.22,2021-11-06 13:49:46,0
827,38,57,10,69,72.68,2021-01-01 15:19:37,0
828,73,37,27,29,42.31,2021-06-24 03:23:17,0
829,91,99,92,62,29.39,2021-02-27 05:06:13,0
830,65,39,16,91,40.49,2021-01-26 09:32:21,0
831,45,6,46,88,66.66,2021-09-06 09:24:23,0
832,40,9,98,75,26.76,2021-08-18 19:59:13,0
833,5,79,19,35,96.14,2021-02-07 08:35:10,0
834,100,44,39,90,8.02,2022-03-21 15:40:32,0
835,2,33,39,64,86.39,2021-06-07 21:06:00,0
836,81,15,3,90,89.15,2021-01-02 06:02:26,0
837,99,100,44,27,29.37,2021-02-22 16:36:04,0
838,93,51,16,73,90.63,2022-03-05 08:54:18,0
839,53,58,87,81,3.0,2021-09-03 02:14:19,0
840,73,56,1,62,24.68,2021-09-10 09:17:54,0
841,92,23,73,53,6.56,2021-07-06 07:49:15,0
842,59,71,29,90,48.08,2022-01-30 10:55:50,0
843,21,89,61,13,27.67,2021-10-20 08:31:31,0
844,22,93,47,18,82.06,2021-07-29 04:54:08,0
845,9,81,60,88,28.97,2021-04-30 04:52:35,0
846,89,92,56,11,64.68,2022-02-23 19:57:23,0
847,71,99,59,50,61.26,2021-12-26 18:08:32,0
848,97,87,100,39,13.95,2021-04-19 22:02:01,0
849,34,28,35,24,16.04,2021-04-08 02:59:38,0
850,33,43,29,61,25.2,2022-02-09 01:57:15,0
851,12,10,74,28,17.84,2022-03-18 14:46:44,0
852,74,11,98,97,74.31,2021-01-16 19:39:18,0
853,71,73,77,88,67.44,2022-03-04 14:50:26,0
854,38,44,94,44,43.84,2021-11-10 22:10:47,0
855,54,3,59,31,85.29,2021-05-28 23:06:47,0
856,86,8,25,17,58.25,2022-02-02 14:37:54,0
857,95,38,46,67,33.34,2021-07-30 10:36:07,0
858,76,38,90,84,55.82,2021-07-03 05:58:53,0
859,88,63,85,13,27.48,2021-07-17 11:15:08,0
860,40,51,22,26,9.99,2021-06-17 10:56:34,0
861,48,41,45,40,74.96,2021-06-25 04:04:51,0
862,54,37,81,3,32.47,2021-03-24 21:45:47,0
863,20,57,24,16,90.29,2021-11-02 23:49:47,0
864,2,15,5,81,68.28,2022-04-08 11:11:37,0
865,94,53,15,43,72.26,2021-03-30 11:36:30,0
866,22,64,90,29,38.34,2021-09-25 03:49:53,0
867,35,72,81,60,95.09,2021-08-23 10:17:55,0
868,53,58,3,11,12.89,2021-11-12 00:59:53,0
869,75,63,39,16,89.44,2021-08-01 04:34:35,0
870,39,52,47,73,86.43,2022-02-27 08:47:22,0
871,13,10,13,67,64.85,2021-12-23 04:32:51,0
872,54,40,96,96,67.33,2021-08-29 23:08:42,0
873,22,35,71,73,5.37,2021-04-13 03:25:44,0
874,26,70,99,34,5.7,2021-05-12 23:42:33,0
875,43,32,62,87,91.94,2022-03-20 18:25:07,0
876,58,39,73,67,34.75,2021-01-19 09:18:42,0
877,66,21,16,71,53.21,2022-01-21 15:07:45,0
878,94,43,29,95,23.17,2022-02-13 09:21:57,0
879,11,100,18,98,46.47,2021-01-07 15:57:34,0
880,80,34,33,86,61.48,2021-01-12 04:45:49,0
881,2,4,6,5,96.41,2021-11-12 20:22:30,0
882,48,85,24,85,43.09,2021-04-09 09:28:03,0
883,14,67,25,52,42.3,2021-07-19 17:24:54,0
884,40,94,69,6,67.3,2021-05-14 20:25:04,0
885,93,44,49,3,63.55,2021-01-28 16:39:31,0
886,59,98,94,19,78.22,2021-12-21 18:11:19,0
887,45,96,68,8,57.13,2021-03-19 03:14:00,0
888,17,89,81,1,43.84,2021-02-23 06:26:00,0
889,23,90,44,98,25.28,2021-10-15 20:12:35,0
890,31,68,92,76,28.79,2021-10-21 08:53:21,0
891,11,33,51,35,63.6,2021-10-17 02:14:26,0
892,17,64,55,75,37.73,2021-08-14 12:31:52,0
893,37,78,24,17,90.77,2021-09-28 09:55:27,0
894,55,87,53,73,50.24,2021-07-22 20:27:56,0
895,35,86,43,96,31.37,2021-09-28 07:13:39,0
896,24,99,60,60,38.73,2021-06-01 02:25:36,0
897,48,92,30,69,99.74,2022-04-07 06:21:24,0
898,83,15,65,95,45.24,2021-10-20 19:22:55,0
899,99,83,95,90,75.91,2021-05-06 17:25:59,0
900,30,63,38,91,56.1,2022-04-09 23:02:56,0
901,80,68,53,56,6.43,2021-11-16 09:46:06,0
902,82,25,10,74,87.15,2021-02-18 05:07:56,0
903,54,19,71,93,4.45,2022-03-22 15:47:33,0
904,15,74,95,60,2.99,2021-04-22 14:57:51,0
905,30,5,67,23,86.39,2021-06-24 14:50:33,0
906,24,49,38,87,63.9,2022-01-13 13:41:50,0
907,99,36,50,91,97.8,2022-02-19 19:20:47,0
908,96,19,27,68,25.68,2021-03-07 18:51:40,0
909,24,91,80,24,14.51,2022-02-04 03:26:03,0
910,41,95,90,7,47.71,2021-06-13 05:41:50,0
911,42,81,58,100,80.67,2021-06-23 08:48:15,0
912,43,10,6,20,75.19,2021-11-21 06:28:05,0
913,48,32,79,82,91.95,2021-03-05 20:01:33,0
914,15,69,74,62,49.27,2021-04-23 17:57:19,0
915,44,47,48,21,17.01,2021-12-29 19:46:25,0
916,64,20,46,75,56.39,2022-03-11 16:14:29,0
917,27,93,10,98,19.28,2022-01-23 21:42:38,0
918,26,60,10,63,68.3,2021-10-23 00:09:13,0
919,8,93,64,77,87.73,2021-11-09 11:14:56,0
920,98,25,19,33,34.51,2021-03-21 20:21:22,0
921,88,49,22,39,45.86,2021-12-22 12:26:58,0
922,29,89,95,54,13.69,2021-01-28 02:38:25,0
923,69,27,6,16,39.03,2021-01-07 15:47:38,0
924,8,65,5,17,78.29,2021-04-07 13:56:58,0
925,23,93,17,14,26.31,2021-05-17 00:27:01,0
926,56,52,19,87,22.47,2021-08-13 19:45:49,0
927,53,12,22,59,59.7,2021-06-08 15:23:57,0
928,67,83,25,7,97.34,2021-02-06 15:22:35,0
929,5,84,55,14,69.16,2021-10-10 11:45:52,0
930,49,29,53,22,89.63,2021-10-31 15:39:49,0
931,16,66,38,61,67.64,2022-03-07 19:47:24,0
932,91,30,26,30,85.08,2021-09-26 23:23:44,0
933,71,32,20,64,40.48,2021-12-31 19:22:05,0
934,88,75,25,44,60.61,2021-08-14 22:40:10,0
935,79,80,15,15,75.3,2022-02-27 01:13:55,0
936,34,81,23,29,12.83,2022-01-05 03:16:23,0
937,37,51,8,63,12.31,2021-12-29 04:47:14,0
938,5,79,67,5,66.09,2021-09-05 10:28:07,0
939,89,72,43,60,56.66,2021-07-19 00:03:53,0
940,81,49,56,85,4.1,2022-01-31 21:49:05,0
941,37,9,79,34,21.1,2021-11-24 14:26:17,0
942,8,78,46,2,42.42,2021-11-10 22:59:35,0
943,64,68,40,35,17.39,2021-09-13 22:14:17,0
944,39,85,35,59,31.22,2021-08-11 16:06:21,0
945,3,25,61,85,82.03,2021-07-07 23:32:04,0
946,96,41,35,65,11.13,2022-01-07 06:28:33,0
947,87,28,21,43,72.44,2021-06-11 13:29:33,0
948,94,47,38,44,46.2,2021-09-03 07:02:32,0
949,20,55,67,42,24.91,2021-02-04 22:01:15,0
950,63,51,72,78,75.53,2021-02-25 09:37:20,0
951,10,59,23,37,80.21,2021-09-20 20:48:23,0
952,51,100,80,11,31.75,2021-12-21 09:54:04,0
953,12,63,96,15,99.7,2021-07-05 07:57:55,0
954,64,76,96,34,41.77,2022-03-10 03:11:44,0
955,23,42,47,67,50.15,2021-08-23 07:01:02,0
956,51,28,21,89,48.46,2021-08-23 05:09:27,0
957,71,56,65,96,91.09,2021-05-31 19:31:41,0
958,78,10,32,28,96.48,2021-02-15 09:39:57,0
959,8,66,8,30,68.26,2021-04-14 09:22:16,0
960,52,8,69,37,21.2,2021-06-15 15:26:51,0
961,38,31,94,99,58.63,2022-02-26 14:00:37,0
962,27,19,5,86,22.29,2021-12-23 22:31:30,0
963,74,47,16,31,53.34,2021-02-04 13:00:56,0
964,64,60,41,85,83.09,2021-05-28 00:23:50,0
965,35,64,17,14,65.69,2021-02-21 17:15:20,0
966,48,53,99,16,64.65,2021-12-29 00:42:05,0
967,22,72,50,22,23.7,2022-03-09 05:24:52,0
968,94,71,34,94,34.34,2021-02-28 06:14:25,0
969,100,32,3,65,69.97,2021-11-29 16:41:30,0
970,61,57,69,91,88.49,2021-05-25 05:46:46,0
971,54,96,45,8,49.19,2021-02-24 05:07:50,0
972,22,1,94,53,31.05,2021-08-14 00:42:02,0
973,86,38,95,21,41.29,2021-10-19 04:26:30,0
974,16,5,13,82,77.71,2021-06-22 17:51:50,0
975,93,2,36,60,52.18,2021-01-29 07:31:27,0
976,31,80,48,84,68.96,2021-07-10 08:54:53,0
977,48,54,35,98,18.02,2021-05-11 01:24:03,0
978,7,35,20,92,53.55,2021-08-04 14:33:12,0
979,96,85,14,61,61.8,2021-03-10 10:36:07,0
980,24,95,41,55,79.58,2021-01-02 13:59:10,0
981,8,38,43,9,77.99,2021-01-24 08:13:59,0
982,25,23,40,15,78.42,2021-04-17 15:08:45,0
983,41,19,51,74,98.39,2021-12-27 00:58:29,0
984,86,52,63,90,66.16,2021-10-20 08:04:34,0
985,78,74,7,44,54.33,2021-03-28 12:19:52,0
986,1,37,46,79,11.73,2021-05-13 02:18:09,0
987,89,26,61,73,9.85,2022-01-25 19:44:06,0
988,2,22,49,56,29.83,2021-11-29 07:02:23,0
989,16,92,70,47,64.53,2021-04-13 02:05:23,0
990,100,83,38,22,24.6,2021-01-22 07:56:11,0
991,78,54,23,37,10.73,2021-06-04 18:08:11,0
992,18,63,38,60,82.66,2021-12-20 00:59:52,0
993,57,52,39,50,58.59,2021-05-04 09:42:33,0
994,44,94,95,96,40.38,2022-03-14 18:05:00,0
995,17,86,64,63,23.73,2021-09-09 00:45:16,0
996,46,48,18,74,9.48,2021-04-10 11:03:56,0
997,93,51,60,86,6.74,2021-06-25 16:24:06,0
998,22,45,52,16,29.6,2021-10-27 15:52:47,0
999,36,14,60,76,82.74,2022-04-03 20:29:23,0
1000,24,11,64,78,41.17,2021-11-28 07:29:17,0
1001,1,0,1,1,2.33,2022-01-01 02:12:22,0
1002,1,0,1,1,6.66,2022-01-12 14:34:11,0
1003,1,0,2,1,9.99,2021-07-13 08:23:00,0
1004,1,0,3,2,19.23,2020-03-27 17:16:45,0
1005,1,0,4,2,5.77,2020-06-05 03:43:12,0
1006,1,0,4,2,93.12,2020-12-11 22:39:08,0
1007,0,1,3,2,19.23,2020-03-27 17:16:45,0
1008,0,1,4,2,5.77,2020-06-05 03:43:12,0
1009,0,1,4,2,93.12,2020-12-11 22:39:08,0
1010,1,0,506,1,5.4,2021-12-31 11:59:59,0
1011,0,1,138,1,20,2021-6-6 06:06:06,0
1012,1,0,1,1,2.33,2022-04-01 02:12:22,0
1013,1,0,1,1,3.33,2022-03-19 02:12:22,0
1014,0,1,89,20,4.52,2021-06-06 17:16:18,0